Hoebart Dicty,53870 Manley Road,4066104254,hdicty0@about.com
Jenifer Rides,34 Buell Avenue,3164604088,jrides1@salon.com
Gabriela Ebbetts,51 Cherokee Junction,7491714978,gebbetts2@rakuten.co.jp
Erna Limeburn,93 Basil Way,7287620754,elimeburn3@usda.gov
Elfrida Sudy,4 Twin Pines Street,5869914614,esudy4@nyu.edu
Spense Camies,88 Prentice Point,8708119599,scamies5@addtoany.com
Marci Farncomb,28 Park Meadow Plaza,1306561936,mfarncomb6@delicious.com
Selig Dunthorn,98472 Forster Court,4275908998,sdunthorn7@sogou.com
Saloma Hamlet,38 Paget Plaza,2143982658,shamlet8@digg.com
Janifer Dyzart,2 Manufacturers Crossing,8558204833,jdyzart9@buzzfeed.com
Albie Gossart,91 Brown Road,3618052106,agossarta@samsung.com
Augie Ashleigh,22296 Express Circle,7822092713,aashleighb@scientificamerican.com
Irene Rowlstone,2 Mitchell Drive,4642305288,irowlstonec@list-manage.com
Karita Arderne,3316 Hayes Drive,7106149321,karderned@nsw.gov.au
Venus Brent,2 Tennessee Pass,4107422416,vbrente@soup.io
Mayer Brackenridge,5832 Lighthouse Bay Pass,7637201883,mbrackenridgef@twitter.com
Wilek Blaskett,7495 Rigney Avenue,3268274267,wblaskettg@marketwatch.com
Roseline Lucken,57641 Pine View Junction,6481736320,rluckenh@google.cn
Molly Buney,9620 Alpine Street,7871022057,mbuneyi@wired.com
Eustace Greeve,5625 Walton Center,8251239228,egreevej@twitter.com
Cathlene Yakunkin,1 Monica Way,2322448932,cyakunkink@vistaprint.com
Max Povah,68374 Reindahl Park,2125818538,mpovahl@yahoo.co.jp
Joannes Dibbert,826 Tony Center,2763292274,jdibbertm@home.pl
Twila Boyles,3303 Schlimgen Trail,6938106773,tboylesn@stanford.edu
Sari Seabridge,68 Hollow Ridge Lane,7035273560,sseabridgeo@seattletimes.com
Broddy Watkiss,29 5th Center,8959382131,bwatkissp@paginegialle.it
Rikki Cabral,8 Darwin Alley,9991313791,rcabralq@google.es
Rodie Ambrosio,246 Park Meadow Center,8111122096,rambrosior@msn.com
Marillin Pucker,31 Troy Trail,8453485498,mpuckers@mysql.com
Byron Jemison,4780 Dunning Point,3138192515,bjemisont@home.pl
Debbie Flintoft,71943 Arapahoe Circle,3111428479,dflintoftu@prlog.org
Susanna Gibbens,6 Ohio Junction,4317847068,sgibbensv@sbwire.com
Caitlin Althrope,2 Onsgard Park,9467261905,calthropew@bbc.co.uk
Chloe Herion,01465 Delaware Terrace,6365639162,cherionx@ca.gov
Lonnie Parres,47095 Golf View Drive,1227663254,lparresy@multiply.com
Augustus Jaszczak,3200 Mockingbird Park,4973245730,ajaszczakz@gov.uk
Isabella Setterington,9 Dunning Way,3823908445,isetterington10@uiuc.edu
Sebastian Locks,021 Sunnyside Plaza,6809624039,slocks11@ovh.net
Packston Till,73584 School Crossing,2153165912,ptill12@wufoo.com
Jaclyn Rosser,9 Schurz Circle,2663230912,jrosser13@wix.com
Rikki Asmus,504 Oriole Drive,3088795597,rasmus14@apache.org
Colin Havenhand,86287 Spohn Place,2169375245,chavenhand15@hubpages.com
Arlie Gozard,5 Miller Hill,9562719858,agozard16@soup.io
Darryl O'Lenane,25143 Anhalt Trail,9272804361,dolenane17@earthlink.net
Xymenes Scawton,03 Amoth Terrace,4972065948,xscawton18@amazonaws.com
Morganica Hundey,649 Meadow Vale Circle,4351027078,mhundey19@rediff.com
Alfred Alwood,70 Express Hill,5375012005,aalwood1a@dailymail.co.uk
Dix Antonopoulos,163 Transport Pass,6164366900,dantonopoulos1b@cargocollective.com
Ludwig Osgordby,25687 Redwing Point,5311273735,losgordby1c@newyorker.com
Cindee Pointing,8114 Fair Oaks Pass,2754132238,cpointing1d@hubpages.com
Horacio Matuskiewicz,01662 Meadow Valley Terrace,7093971320,hmatuskiewicz1e@latimes.com
Berkeley Cortnay,99 Truax Court,9069307042,bcortnay1f@histats.com
Gregorius Snoday,7 Old Gate Plaza,3171809367,gsnoday1g@opera.com
Olympie Krollman,76 Namekagon Park,4814871164,okrollman1h@jalbum.net
Gan Gelderd,79336 Armistice Way,1561815207,ggelderd1i@list-manage.com
Glennis Torn,19408 Dayton Way,2059858527,gtorn1j@sourceforge.net
Latisha Gritton,33 Transport Plaza,4876832314,lgritton1k@themeforest.net
Iosep Robiou,73 Petterle Trail,7469050928,irobiou1l@paypal.com
Yoko Dunaway,6 Redwing Hill,6606457184,ydunaway1m@linkedin.com
Leese Bohlens,643 Maryland Point,4604391074,lbohlens1n@cyberchimps.com
Kaylee Halloway,3369 Anhalt Parkway,8094739036,khalloway1o@google.nl
Lauraine Eastway,8 Lotheville Point,3111709067,leastway1p@si.edu
Gabrielle Bonsall,488 Mosinee Lane,1238525885,gbonsall1q@japanpost.jp
Belita Santus,6449 Jenna Street,1057903241,bsantus1r@twitter.com
Katya Rootes,32857 Anzinger Court,5014248557,krootes1s@issuu.com
Jefferey St. Paul,22 Mcguire Circle,8059369211,jst1t@springer.com
Lorenzo Aveling,25 Lien Junction,8202904434,laveling1u@apache.org
Krystal Dunseath,33 2nd Point,3014018174,kdunseath1v@prweb.com
Armin Broadbridge,908 Alpine Avenue,1707363275,abroadbridge1w@zimbio.com
Zack Leagas,862 Shoshone Point,4901951554,zleagas1x@deviantart.com
Ulrikaumeko Woodfin,5375 Bultman Park,2271991261,uwoodfin1y@tinypic.com
Stephie Le - Count,6742 Kim Point,7712467213,sle1z@patch.com
Amargo Bourtoumieux,889 Kingsford Street,1051674325,abourtoumieux20@psu.edu
Kearney Reignould,135 Glacier Hill Drive,7213178881,kreignould21@ihg.com
Donnamarie Hazeltine,8 Utah Street,3405155873,dhazeltine22@wordpress.com
Reyna Imlacke,7161 Becker Junction,6653726344,rimlacke23@networksolutions.com
Arlan Benford,0477 Memorial Drive,7853088642,abenford24@alexa.com
Filide Bromwich,503 Green Ridge Terrace,6728445424,fbromwich25@ucsd.edu
Hughie Rannells,10853 Heath Junction,4092704202,hrannells26@zimbio.com
Tremain Perel,1 Lakewood Gardens Circle,7941581033,tperel27@bbc.co.uk
Trude Albarez,85134 Mccormick Avenue,8272391086,talbarez28@smh.com.au
Pansy Aymerich,867 Vermont Court,7625072471,paymerich29@clickbank.net
Danni Weeden,06 Arizona Crossing,4312360515,dweeden2a@spotify.com
Ronni Haskayne,20407 Little Fleur Street,8417038756,rhaskayne2b@toplist.cz
Jamesy Clackson,8 Forster Avenue,6539027090,jclackson2c@census.gov
Carlene Gallety,72126 Blaine Circle,9648739276,cgallety2d@blinklist.com
Paule Avrashin,140 Buhler Junction,1159388002,pavrashin2e@marketwatch.com
Raul Phetteplace,42 Logan Avenue,3788485710,rphetteplace2f@networksolutions.com
Caroline Lammenga,9 Vidon Alley,6435794415,clammenga2g@telegraph.co.uk
Jenine Cordon,78255 Blackbird Park,6075261297,jcordon2h@dedecms.com
Misty Olivet,5204 Delladonna Trail,4251900094,molivet2i@instagram.com
Doris MacShirie,47531 Mcguire Hill,7792447541,dmacshirie2j@state.gov
Byran Orwin,586 Morning Way,8167188526,borwin2k@google.es
Evyn Oakly,3 Macpherson Plaza,7916765544,eoakly2l@domainmarket.com
Joseito Ilott,5465 Vahlen Court,7396421174,jilott2m@who.int
Bobbette Rockall,0637 Truax Parkway,9765169423,brockall2n@theguardian.com
Lambert Laity,90728 Esker Circle,4135613768,llaity2o@blogspot.com
Adorne Cattrall,156 Starling Plaza,7816073009,acattrall2p@yale.edu
Brodie Mandel,2716 Elka Way,2578487540,bmandel2q@vistaprint.com
Reid Lavender,63510 Sachtjen Pass,3451530943,rlavender2r@comsenz.com
Paulina Tampin,39147 Namekagon Street,8385406391,ptampin2s@list-manage.com
Lucia McKeney,99483 Menomonie Place,6048069943,lmckeney2t@cbsnews.com
Cirillo Cannon,1 School Alley,2526527290,ccannon2u@tiny.cc
Oliviero Ayrton,81 Anthes Pass,8716152768,oayrton2v@amazon.com
Darryl Etchells,9214 Fordem Trail,3425762935,detchells2w@comsenz.com
Bobbi MacBey,14882 Northfield Place,9902663784,bmacbey2x@qq.com
Shaughn Swatten,9338 Atwood Place,6169374524,sswatten2y@naver.com
Hannah McLane,46105 Forest Court,7943859552,hmclane2z@berkeley.edu
Guinevere Greguoli,72 Mcguire Place,9952811042,ggreguoli30@google.cn
Hermia Serraillier,604 Pawling Street,4716673755,hserraillier31@odnoklassniki.ru
Winne Fulk,20 Dayton Hill,7001962971,wfulk32@bravesites.com
Abagail Meredyth,0843 Fallview Pass,7889704990,ameredyth33@berkeley.edu
Jaclin Gertray,3081 Blaine Junction,8909113860,jgertray34@merriam-webster.com
Alexandro Ernke,7301 Oneill Road,3837399327,aernke35@nbcnews.com
Esteban Beauchamp,0060 Fremont Park,5206799300,ebeauchamp36@mapquest.com
Gil Jiri,75 Waywood Way,3424387680,gjiri37@cnbc.com
Chariot Purvey,708 Waubesa Place,8402982461,cpurvey38@posterous.com
Natalie Kitchinghan,8507 Arizona Alley,6924284160,nkitchinghan39@symantec.com
Codee Quinney,3308 Springs Hill,5652622303,cquinney3a@reddit.com
Drucy Cattermoul,54 Heffernan Point,3099927144,dcattermoul3b@bbc.co.uk
Horatius Fattore,560 Everett Crossing,1753389349,hfattore3c@wired.com
Vivia Raison,71 Briar Crest Pass,3181866102,vraison3d@disqus.com
Bryon Degue,27 Norway Maple Trail,9733010660,bdegue3e@earthlink.net
Lolita Dolle,32964 Tennyson Drive,2496760302,ldolle3f@google.fr
Ermanno Boote,446 Bashford Drive,4788324908,eboote3g@statcounter.com
Agna Fippe,0 Laurel Park,3105508120,afippe3h@hao123.com
Miquela France,3 Sunfield Parkway,8182348189,mfrance3i@blog.com
Zenia Spencley,3112 Commercial Way,6169279925,zspencley3j@gov.uk
Kurtis Sorsbie,469 Westend Crossing,5562081538,ksorsbie3k@theguardian.com
Ignazio Sauvan,4271 Ridgeview Park,5004863887,isauvan3l@domainmarket.com
Roberta Yaxley,5 Caliangt Center,4637966732,ryaxley3m@prlog.org
Brockie Osmint,95 Hoard Pass,1142490702,bosmint3n@google.com.hk
Pavla Kleingrub,34 Old Shore Drive,5821430330,pkleingrub3o@berkeley.edu
Michaeline Lightwing,98364 Old Shore Place,5173748789,mlightwing3p@marriott.com
Lonni Cure,341 Park Meadow Lane,1327167641,lcure3q@jugem.jp
Shelby Beisley,0455 Kedzie Crossing,7577747134,sbeisley3r@ucoz.com
Lothario Phillip,92 Maryland Terrace,3951696405,lphillip3s@alibaba.com
Rhonda Dunaway,52 Southridge Alley,9377687823,rdunaway3t@ed.gov
Ambrose Chessel,45 Fairview Drive,3623072223,achessel3u@hexun.com
Ashely Luttgert,499 Briar Crest Hill,9711489891,aluttgert3v@squarespace.com
Charline Yukhov,0046 Carpenter Drive,8484371757,cyukhov3w@storify.com
Selia Gladwish,3 Nancy Crossing,8312843205,sgladwish3x@yandex.ru
Harley Pittford,825 Nova Junction,6629604786,hpittford3y@nasa.gov
Vonnie Betho,36 Huxley Drive,8174374586,vbetho3z@acquirethisname.com
Jewel Aymerich,5613 Wayridge Circle,1725998903,jaymerich40@marriott.com
Colline Le Port,27011 Burrows Lane,7208718531,cle41@pen.io
Garey Gawthrope,25 Erie Junction,8293619081,ggawthrope42@prweb.com
Burk Mont,30111 Darwin Center,2605560011,bmont43@ezinearticles.com
Dillon Breeds,23 Sachs Pass,7688241281,dbreeds44@parallels.com
Stacee Livock,37 Lawn Crossing,3258457948,slivock45@wiley.com
Waldemar Rollinshaw,76 Ruskin Pass,4878953696,wrollinshaw46@123-reg.co.uk
Gaynor Stangroom,1531 Mosinee Drive,6443023510,gstangroom47@businesswire.com
Britta Cregeen,23296 Randy Park,4847188112,bcregeen48@biglobe.ne.jp
Briana Hassall,00361 Sycamore Court,8966114015,bhassall49@stumbleupon.com
Cathe Whistlecroft,2639 Stephen Terrace,4219992197,cwhistlecroft4a@about.com
Frannie de Almeida,779 Anderson Point,6299671853,fde4b@marketwatch.com
Cristiano Mecco,85054 Redwing Court,9402101638,cmecco4c@is.gd
Kelby Forrestall,6813 Hoffman Junction,9155968122,kforrestall4d@google.com.hk
Alysa Merrell,2 Birchwood Crossing,1947164572,amerrell4e@japanpost.jp
Selle Hender,7 Surrey Place,9441139367,shender4f@foxnews.com
Conroy Raubheim,3 Blackbird Circle,3484264234,craubheim4g@upenn.edu
Adolphus Astall,7607 Arkansas Avenue,2969790557,aastall4h@ifeng.com
Merrielle Whannel,1 Oneill Lane,4198029603,mwhannel4i@taobao.com
Cecelia Poulson,4245 Donald Plaza,4469131556,cpoulson4j@cargocollective.com
Mariel Coppard,14846 Mcguire Plaza,1408026185,mcoppard4k@google.de
Ingram Zink,844 Hansons Alley,7232489455,izink4l@cbsnews.com
Rosemarie Hollingby,96 Heath Lane,2622731339,rhollingby4m@devhub.com
Fields Kirkness,13 Grasskamp Place,9891265267,fkirkness4n@loc.gov
Riley Weekley,4671 1st Drive,5502010569,rweekley4o@japanpost.jp
Caleb Nabarro,57895 Mosinee Hill,3764943747,cnabarro4p@mtv.com
Lurette Patching,44552 Lotheville Way,4115377967,lpatching4q@hud.gov
Davidson Sidebotham,3 Kings Point,8771157277,dsidebotham4r@last.fm
Tammie Barthod,77117 Towne Lane,3854777217,tbarthod4s@stumbleupon.com
Bret Pepye,96 Ramsey Drive,1169887704,bpepye4t@hhs.gov
Obed Tavner,71882 Eastlawn Road,3991501567,otavner4u@yahoo.com
Polly Boot,90053 Rigney Parkway,3368995149,pboot4v@adobe.com
Madelyn Brimm,1 Almo Court,9461456384,mbrimm4w@webs.com
Dannel Kirton,0856 Cody Plaza,3274102891,dkirton4x@jalbum.net
Sax Lyokhin,54876 Muir Road,4594351205,slyokhin4y@bing.com
Marian Week,3650 Macpherson Plaza,2509690233,mweek4z@wikia.com
Sibley Abels,8546 Artisan Point,6544622505,sabels50@dion.ne.jp
Leif Dahl,3 Laurel Court,3114284306,ldahl51@engadget.com
Brandy Shaughnessy,24 Cambridge Avenue,3689480354,bshaughnessy52@instagram.com
Neel Fisbburne,1630 Maple Crossing,5111000821,nfisbburne53@army.mil
Constantine Davley,6 Trailsway Parkway,2953605403,cdavley54@bing.com
Demetria Dudny,98 Jay Road,4021317661,ddudny55@cbsnews.com
Trstram Wardingly,44 Arkansas Avenue,7102074908,twardingly56@hibu.com
Kessiah Chastang,086 Randy Terrace,3125423971,kchastang57@house.gov
Culver Edgin,83 Cordelia Hill,9209966071,cedgin58@cargocollective.com
Cos Shoebrook,49789 Cottonwood Place,9625037498,cshoebrook59@taobao.com
Zebulen Galler,01308 Burning Wood Park,4733012203,zgaller5a@cyberchimps.com
Tanya Dobrovolski,6 Kennedy Circle,6211316767,tdobrovolski5b@quantcast.com
Mable Le-Good,92 Sutherland Court,7269992577,mlegood5c@constantcontact.com
Mateo Spain,9 Nancy Way,2144535394,mspain5d@wisc.edu
Misty Blatherwick,78 Reinke Place,9089307751,mblatherwick5e@pinterest.com
Vachel Letterese,2897 Northridge Plaza,6172136088,vletterese5f@disqus.com
Davis Markussen,2 Fairview Pass,5318048528,dmarkussen5g@sohu.com
Merci Dobbison,6 Gateway Avenue,9777175931,mdobbison5h@booking.com
Grissel Brandrick,8491 Quincy Point,8524586962,gbrandrick5i@ca.gov
Royce Henrionot,313 Dovetail Terrace,4532461645,rhenrionot5j@purevolume.com
Northrup Jacobsz,81 Heffernan Terrace,5648090414,njacobsz5k@exblog.jp
Allina Dovinson,1 Hollow Ridge Drive,5586681799,adovinson5l@studiopress.com
Thomasin Lathwell,57003 Alpine Center,8281670693,tlathwell5m@lulu.com
Joey Volker,6612 Forest Run Terrace,7024952192,jvolker5n@pen.io
Briana Kaine,49548 Farmco Pass,7989952123,bkaine5o@addtoany.com
Bartlet McVey,575 Mcbride Drive,7074118073,bmcvey5p@yellowpages.com
Thedrick Greenacre,494 Colorado Trail,7963041661,tgreenacre5q@squidoo.com
Darin Treace,83133 Emmet Drive,9225237791,dtreace5r@joomla.org
Catlee Pochon,503 Twin Pines Trail,1781847166,cpochon5s@disqus.com
Mark Rosenshine,18335 Westend Circle,4724136944,mrosenshine5t@omniture.com
Gibbie Posvner,80803 Artisan Road,3042550280,gposvner5u@ucsd.edu
Dorisa Dowda,7699 Golden Leaf Lane,7125922115,ddowda5v@networksolutions.com
Maryl Puller,399 Ridgeway Park,4504314223,mpuller5w@yale.edu
Anet Rapps,46 Vernon Street,5615934418,arapps5x@chicagotribune.com
Kimmy Gerrill,99 Sycamore Parkway,9881735362,kgerrill5y@techcrunch.com
Rhoda Falco,37852 Oriole Parkway,1108245352,rfalco5z@prweb.com
Kirbee Kiloh,551 Vermont Trail,8575925259,kkiloh60@reddit.com
Venita Simonyi,4 Kensington Road,7895902050,vsimonyi61@weibo.com
Sander Novill,026 Forster Junction,7998884027,snovill62@multiply.com
Yoshi Garrick,28275 Riverside Point,7644166661,ygarrick63@nih.gov
Ivett Sprowson,636 Washington Alley,4222498656,isprowson64@lycos.com
Frederique Guinan,7 Lakewood Drive,2315470053,fguinan65@buzzfeed.com
Phil Sygroves,2960 Manufacturers Court,1335930538,psygroves66@utexas.edu
Isacco Firby,8 Forest Run Place,4574091000,ifirby67@slate.com
Olympe Cadagan,14595 Lakewood Lane,4187197853,ocadagan68@about.com
Scott Aldis,66839 Packers Junction,6309505669,saldis69@walmart.com
Stevy Byles,52 Barby Point,9073072011,sbyles6a@usa.gov
Terri Uppett,5 Surrey Place,6152659957,tuppett6b@businessinsider.com
Rayshell Bockings,13877 Shelley Drive,6122809737,rbockings6c@noaa.gov
Iosep Roch,8949 Talisman Court,7626199373,iroch6d@cocolog-nifty.com
Lucinda Marklow,57 Dahle Alley,9304045804,lmarklow6e@cmu.edu
Laetitia Barnsdale,82 Schlimgen Way,6308831419,lbarnsdale6f@netlog.com
Claybourne Mattingly,94 Melvin Point,2574872662,cmattingly6g@npr.org
Cherin Bresnahan,59 Vera Pass,7932961200,cbresnahan6h@ameblo.jp
Earvin Dwerryhouse,9 Moulton Terrace,6764536583,edwerryhouse6i@spotify.com
Alphonse Mordaunt,2 Laurel Drive,6904924667,amordaunt6j@github.io
Alano Zohrer,86 Summerview Lane,8899295021,azohrer6k@hao123.com
Timmi Fazakerley,50 Hooker Pass,9759432677,tfazakerley6l@pagesperso-orange.fr
Teddi Seson,658 Harper Drive,4989412318,tseson6m@newyorker.com
Kristien MacAloren,089 Hudson Park,4737859046,kmacaloren6n@etsy.com
Consolata Sollas,44 Bluestem Drive,3262739636,csollas6o@soup.io
Aldwin Shailer,6 Hansons Plaza,9467581498,ashailer6p@youku.com
Wren O'Malley,9 Montana Circle,6897497543,womalley6q@narod.ru
Vernon Spridgen,0324 Little Fleur Parkway,6675178654,vspridgen6r@usnews.com
Averil Halvosen,6769 Prentice Alley,9729641167,ahalvosen6s@nyu.edu
Agatha Whiley,09049 Jenna Court,2419848240,awhiley6t@apache.org
Gilberte Teliga,05646 Hollow Ridge Road,3166715224,gteliga6u@uiuc.edu
Grace Featherbie,40609 Meadow Vale Pass,9561783491,gfeatherbie6v@cnbc.com
Marti Lead,82 Morningstar Plaza,7608421082,mlead6w@berkeley.edu
Harriot Pawlyn,63 Northview Lane,4488618276,hpawlyn6x@theglobeandmail.com
Ron Patron,3317 Monterey Lane,1042938974,rpatron6y@imageshack.us
Kirk Clayborn,109 Cody Terrace,1079476283,kclayborn6z@wordpress.org
Basile Milburn,34 Barnett Junction,8196973883,bmilburn70@google.co.uk
Kylen Hinstock,25075 Eastwood Court,7288176313,khinstock71@de.vu
Kean Cullity,48759 Stone Corner Junction,3823617234,kcullity72@goodreads.com
Billi Huleatt,43388 Harbort Trail,5975993531,bhuleatt73@noaa.gov
Marena Napleton,7 Paget Way,6898173895,mnapleton74@msn.com
Caren Lowfill,05737 La Follette Road,9524564299,clowfill75@jimdo.com
Zachary Daugherty,80 Spohn Center,8083622912,zdaugherty76@i2i.jp
Thorpe Farnsworth,013 Mcguire Avenue,7218311902,tfarnsworth77@canalblog.com
Jaquith Howes,382 Golf View Junction,1756167062,jhowes78@github.com
Sloan Carwithen,2554 Graedel Pass,4275461296,scarwithen79@artisteer.com
Cacilie Hasely,60781 Center Pass,6003990351,chasely7a@vimeo.com
Sollie Lydster,0 Emmet Place,9628841387,slydster7b@yandex.ru
Alisha Sokell,10282 Novick Parkway,8745780003,asokell7c@slate.com
Deeyn Virgo,36 Schiller Way,1767925577,dvirgo7d@pbs.org
Charlean Spurriar,6220 Thackeray Parkway,2314558763,cspurriar7e@google.com
Joshua Lunney,411 Lillian Parkway,2183060782,jlunney7f@tiny.cc
Mendel Denny,30767 5th Avenue,3454024222,mdenny7g@nih.gov
Sloan Simonite,68769 Green Ridge Hill,8564087475,ssimonite7h@reddit.com
Shell Road,1607 La Follette Crossing,5754475325,sroad7i@census.gov
Regine Caesman,5 Mesta Place,7522682449,rcaesman7j@deliciousdays.com
Sherwood Bilton,15922 Mendota Place,6456990822,sbilton7k@europa.eu
Jeane Winridge,26779 Dryden Plaza,1207325532,jwinridge7l@fema.gov
Emogene Orman,22014 Buell Circle,3326724728,eorman7m@stumbleupon.com
Heywood Spier,67 Drewry Pass,1976719727,hspier7n@i2i.jp
Nicholle Duro,8 Clarendon Crossing,3146730054,nduro7o@wikia.com
Dell Phillps,5070 Golf View Place,6735766036,dphillps7p@washington.edu
Brose Antonazzi,3136 Eliot Drive,6795010450,bantonazzi7q@mit.edu
Marney Showl,84738 Summerview Drive,3597675510,mshowl7r@friendfeed.com
Hermon Whitley,1 Golf Course Pass,6516841300,hwhitley7s@alexa.com
Rhodie Maslen,9460 Golden Leaf Pass,4757844598,rmaslen7t@narod.ru
Hope Poolman,2 Badeau Place,3418057933,hpoolman7u@blogspot.com
Zenia Giraldez,854 Crowley Pass,5511071723,zgiraldez7v@engadget.com
Farrel Maso,28586 6th Park,9912423208,fmaso7w@webnode.com
Ailsun Cumming,5 Lukken Trail,1387974756,acumming7x@spotify.com
Vonny Botham,059 Portage Point,4727351028,vbotham7y@amazonaws.com
Sherye Comber,9961 Loomis Center,6024168903,scomber7z@google.com.br
Odelle McGeady,8 Monument Alley,1292259345,omcgeady80@behance.net
Adey Wrangle,565 Spohn Park,7198065057,awrangle81@digg.com
Der Larrett,1 Pankratz Terrace,8654786507,dlarrett82@dailymail.co.uk
Chad Campion,8 Springs Circle,8555425819,ccampion83@bandcamp.com
Bryce Carling,57 Russell Plaza,5135378845,bcarling84@amazonaws.com
Chickie Hook,084 Hanover Hill,5988693926,chook85@newsvine.com
Zebulen Hritzko,47881 Sage Road,8367724564,zhritzko86@wikimedia.org
Peta Dearan,810 Texas Avenue,9763046106,pdearan87@trellian.com
Alida Menilove,369 Schiller Avenue,9037703962,amenilove88@thetimes.co.uk
Orelie Buckett,58 Acker Trail,2751710190,obuckett89@patch.com
Stacee Pinsent,2597 West Parkway,7914360577,spinsent8a@unc.edu
Dredi Weippert,30854 Canary Place,1385616104,dweippert8b@multiply.com
Dion Lipscomb,29 Green Avenue,2247062915,dlipscomb8c@i2i.jp
Anya Sidebotham,11 Mayer Trail,5782187750,asidebotham8d@wiley.com
Royall Kingswold,97 Upham Hill,7464509970,rkingswold8e@chicagotribune.com
Viva Hedan,065 Pleasure Drive,4997445825,vhedan8f@unesco.org
Marna Magister,66693 Twin Pines Point,5823211721,mmagister8g@vinaora.com
Jermain Portal,5659 Fordem Street,5448778374,jportal8h@kickstarter.com
Brent Twaite,7023 Elgar Terrace,7198403904,btwaite8i@fc2.com
Orella Crippin,7 Barnett Road,7482912304,ocrippin8j@dell.com
Sarge Alliot,4789 Nobel Park,8858551064,salliot8k@ocn.ne.jp
Fayre Drohun,348 Lotheville Court,9587720618,fdrohun8l@symantec.com
Llywellyn Merrien,21 Donald Court,2771930613,lmerrien8m@tuttocitta.it
Xylia Fumagallo,0 Linden Point,7834499173,xfumagallo8n@walmart.com
Vivienne Mantz,9 Comanche Crossing,1348393944,vmantz8o@wisc.edu
Ruggiero Scoles,488 Burning Wood Terrace,1308235570,rscoles8p@globo.com
Nalani Glamart,24 Coleman Avenue,5119786119,nglamart8q@dyndns.org
Karlene Audry,5 Iowa Lane,1916546239,kaudry8r@cocolog-nifty.com
Reynard Peidro,8364 Lotheville Terrace,9153581203,rpeidro8s@imdb.com
Karina Voyce,6 Logan Street,1189710652,kvoyce8t@cdbaby.com
Meaghan Scouller,7 1st Hill,3125790247,mscouller8u@sfgate.com
Micheline Dorset,0146 Lindbergh Road,1968906683,mdorset8v@mapquest.com
Dal Brookshaw,657 Scoville Way,3484487531,dbrookshaw8w@joomla.org
Boony Gillham,9 Jenifer Junction,9584279012,bgillham8x@npr.org
Alf Schout,4 Eliot Park,6032251372,aschout8y@com.com
Mose Stallworthy,4 Granby Point,7759247415,mstallworthy8z@aol.com
Andee Kyttor,4413 Stephen Alley,2561674651,akyttor90@etsy.com
Juana Jallin,789 Grasskamp Crossing,5194158058,jjallin91@rediff.com
Craggy Dorton,4 Menomonie Street,5353333927,cdorton92@mtv.com
Nils Tynewell,593 Tony Place,3999440274,ntynewell93@npr.org
Kariotta Meller,9927 Waubesa Center,8177614612,kmeller94@free.fr
Blondy Paternoster,971 Mockingbird Circle,3589298322,bpaternoster95@bloglines.com
Kellina Gudeman,98 Rieder Place,1488697457,kgudeman96@canalblog.com
Hanni Gerring,52 Hoffman Circle,8914612646,hgerring97@scientificamerican.com
Herbert Deamer,541 Sheridan Center,6007361692,hdeamer98@huffingtonpost.com
Ronda Lucy,4872 1st Road,1916860366,rlucy99@slashdot.org
Chicky Heinrich,848 Bluestem Parkway,8517868826,cheinrich9a@cdc.gov
Yasmeen McPhate,6 Bultman Center,8247075942,ymcphate9b@shareasale.com
Wandie Dodds,80 Rutledge Center,7894770067,wdodds9c@reddit.com
Anabella Baldcock,67426 Eagle Crest Trail,8643043206,abaldcock9d@google.pl
Orren Samart,41008 Sage Circle,5047143487,osamart9e@networksolutions.com
Nickie Aylott,57856 Arkansas Junction,1729431113,naylott9f@cafepress.com
Jamill Wolfinger,47700 Amoth Trail,2227826065,jwolfinger9g@wufoo.com
Myrtie Askham,227 Everett Center,7106374461,maskham9h@php.net
Annis De Bruijn,24 Atwood Drive,4299283957,ade9i@phpbb.com
Emmit Strotone,8037 Hoffman Parkway,2856588851,estrotone9j@cdbaby.com
Jereme Yapp,2 Summit Trail,6457813109,jyapp9k@webmd.com
Zollie MacGee,1 Kipling Crossing,6167911904,zmacgee9l@mayoclinic.com
Fayth Ladon,9397 Westport Alley,9385571536,fladon9m@joomla.org
Inness Ivashchenko,6 Glacier Hill Center,2063708445,iivashchenko9n@barnesandnoble.com
Joelly Singyard,727 Canary Way,3166957279,jsingyard9o@typepad.com
Alvan Burgan,8041 Superior Point,8502046121,aburgan9p@so-net.ne.jp
Shandie Hover,325 Vernon Plaza,8978354148,shover9q@blinklist.com
Adriena Cadney,0896 Sommers Crossing,1725685278,acadney9r@arstechnica.com
Moina Peddersen,16 Texas Avenue,3287003163,mpeddersen9s@blogger.com
Erin Singh,77608 Weeping Birch Center,1497446032,esingh9t@live.com
Sim McVitie,6 Golf View Circle,4181476504,smcvitie9u@unc.edu
Homer Corkett,11 Lyons Point,8979919518,hcorkett9v@newsvine.com
Les Perris,0 Weeping Birch Center,6307983977,lperris9w@sciencedirect.com
Ginevra Berzon,71864 Hansons Court,3138714275,gberzon9x@arizona.edu
Gerladina Purchase,76208 Straubel Point,8228021041,gpurchase9y@cornell.edu
Bessie Hinrichsen,601 Barnett Point,5372916156,bhinrichsen9z@cbslocal.com
Libby Gosart,9 Grasskamp Road,2037395370,lgosarta0@toplist.cz
Krystle Sandwith,1 Kennedy Point,6958747014,ksandwitha1@digg.com
Patrick Costen,600 Dapin Drive,2849825371,pcostena2@homestead.com
Darelle Mattiessen,710 Pawling Pass,8775514141,dmattiessena3@drupal.org
Mikol Temby,54714 Havey Point,9705399316,mtembya4@cyberchimps.com
Adriana Yearby,9 Messerschmidt Plaza,2479838102,ayearbya5@jimdo.com
Paloma Slite,46630 Everett Hill,2023686538,pslitea6@goodreads.com
Dina Dy,9 Memorial Point,5525460525,ddya7@naver.com
Renata Percival,93976 American Avenue,3231432044,rpercivala8@webnode.com
Zeke Jarrad,85461 Namekagon Place,3819917775,zjarrada9@amazonaws.com
Rowland Yewdell,1 Independence Court,9202820135,ryewdellaa@ihg.com
Dion MacGarrity,66755 Rutledge Parkway,8424352456,dmacgarrityab@bandcamp.com
Joelly Dovinson,33503 Summit Drive,3721097087,jdovinsonac@umich.edu
Rea Colkett,77 Luster Court,8828141800,rcolkettad@nyu.edu
Frederica Willers,25810 Eastlawn Crossing,4485898670,fwillersae@theguardian.com
Elisha Levee,61 Delladonna Street,5374992538,eleveeaf@privacy.gov.au
Mariann Gregoire,11177 Northfield Street,2265851112,mgregoireag@amazon.co.uk
Charlton Meaton,4204 Kensington Parkway,4797978375,cmeatonah@gov.uk
Jerri MacGorley,7 Kings Crossing,6563909843,jmacgorleyai@springer.com
Padget Grieve,4 Victoria Terrace,3402577089,pgrieveaj@un.org
Katrinka Skrines,957 Toban Point,1433433446,kskrinesak@wikipedia.org
Burlie Cosgry,3 Fieldstone Terrace,1842597136,bcosgryal@etsy.com
Lanae Ceeley,5 Arizona Court,1752528014,lceeleyam@google.com.hk
Jobina Fenny,34561 Logan Crossing,5651211718,jfennyan@businessweek.com
Yevette Walpole,25 Texas Park,5258873543,ywalpoleao@clickbank.net
Cori Pawelek,5 Superior Circle,1592746292,cpawelekap@opensource.org
Lauren Pristnor,43076 Hayes Lane,8582012488,lpristnoraq@hhs.gov
Nerte Kingscote,316 Schiller Circle,2116498613,nkingscotear@sogou.com
Farr Warde,028 Moose Pass,6568703031,fwardeas@microsoft.com
Mildrid Benninck,6877 Valley Edge Junction,9993018800,mbenninckat@engadget.com
Arlina Ghidelli,6 Hooker Place,8484505993,aghidelliau@quantcast.com
Kim Leivesley,3 Independence Lane,4805531410,kleivesleyav@tumblr.com
Merrile Ingleston,96 Glendale Park,6281077757,minglestonaw@vinaora.com
Adey Nice,9283 Eliot Street,7564802545,aniceax@ucoz.com
Ilyssa Tumayan,7351 Commercial Road,6398222296,itumayanay@ycombinator.com
Lizbeth Shurman,91216 Morning Hill,5635334025,lshurmanaz@java.com
Matilde Skule,930 Talmadge Alley,7846656138,mskuleb0@altervista.org
Theo Petrolli,20 American Trail,2081386225,tpetrollib1@bbb.org
Bernadine O'Connolly,645 Kenwood Way,8601369719,boconnollyb2@toplist.cz
Alyosha Dwine,74727 Hauk Road,2277632497,adwineb3@latimes.com
Mattie Marklund,96 Orin Road,6383247425,mmarklundb4@addtoany.com
Vaughn Belfit,5 Messerschmidt Court,1567656638,vbelfitb5@fotki.com
Alida Gorse,31120 Mccormick Point,7394715818,agorseb6@google.com.br
Annie Shadbolt,0 Chive Parkway,7182835935,ashadboltb7@ustream.tv
Lola Dumbrell,8050 Toban Hill,5903979800,ldumbrellb8@merriam-webster.com
Arlina Casebourne,70 Anzinger Parkway,9864892630,acasebourneb9@dedecms.com
Douglas Baison,80005 Buena Vista Terrace,9258457908,dbaisonba@ibm.com
Fredericka Allard,925 Hauk Way,9537067579,fallardbb@cam.ac.uk
Aretha Pfiffer,7148 Arapahoe Junction,6535266585,apfifferbc@wunderground.com
Grethel Zoren,6 East Crossing,8267922899,gzorenbd@engadget.com
Lou Taw,44 Crescent Oaks Pass,5894204966,ltawbe@ted.com
Buiron Kimblin,6 Holy Cross Way,3495794870,bkimblinbf@wikispaces.com
Merlina Corn,708 Maryland Terrace,9944259554,mcornbg@live.com
Frannie Southam,15 Hollow Ridge Lane,6283017528,fsouthambh@mozilla.org
Ingrid Phillip,413 Hudson Pass,2492154572,iphillipbi@paypal.com
Tresa Albion,8276 4th Way,3649736369,talbionbj@amazon.co.uk
Lazaro Claypole,440 Cody Center,5462727828,lclaypolebk@tiny.cc
Roberta Espinas,408 Sloan Junction,8202820586,respinasbl@plala.or.jp
Mikol Darlasson,91409 Twin Pines Plaza,2072309105,mdarlassonbm@gizmodo.com
Ricky Gregh,1090 Washington Road,9969983024,rgreghbn@toplist.cz
Allistir Cubbon,87269 Victoria Lane,5176065261,acubbonbo@1und1.de
Dulcine Yakuntsov,052 Calypso Point,9806932200,dyakuntsovbp@dailymail.co.uk
Christie Greeveson,45 Bashford Plaza,1602223906,cgreevesonbq@netvibes.com
Jaime Quartley,8119 Montana Point,9723970323,jquartleybr@businessweek.com
Shelagh Woodlands,2 Sheridan Junction,4936271554,swoodlandsbs@answers.com
Clifford Ruse,735 Dryden Pass,2273487574,crusebt@comsenz.com
Consuelo Dieton,2 Daystar Alley,5523377045,cdietonbu@dion.ne.jp
Evelyn Clissett,27618 Lyons Street,1881082934,eclissettbv@sourceforge.net
Syman Smithin,5906 Maywood Drive,9442668711,ssmithinbw@indiatimes.com
Clemmy Gurnett,886 Milwaukee Trail,2807703102,cgurnettbx@squidoo.com
Kenyon O'Crevan,86 Cody Hill,3011659755,kocrevanby@tripod.com
Keelby Towne,6 Oakridge Drive,3745750105,ktownebz@hubpages.com
Rosetta Bunford,853 Cottonwood Circle,4895149138,rbunfordc0@scientificamerican.com
Flo Lambeth,6289 Truax Trail,8357009202,flambethc1@home.pl
Vera Wythill,3851 Golf Course Point,1083731764,vwythillc2@mozilla.com
Sabina Caldecutt,34 Sherman Trail,8326308414,scaldecuttc3@woothemes.com
Codie Guilleton,24 Park Meadow Drive,6778685293,cguilletonc4@feedburner.com
Edith Tarpey,40 Norway Maple Park,9366066604,etarpeyc5@prnewswire.com
Elijah Scrine,49852 Warrior Alley,7333383499,escrinec6@fastcompany.com
Monro Merrill,76696 Transport Circle,7408744416,mmerrillc7@cornell.edu
Isaiah Goodered,075 Bay Park,6208554556,igooderedc8@dropbox.com
Manon Rubert,885 Fulton Junction,9234624577,mrubertc9@nydailynews.com
Anitra Dominicacci,1874 Clove Road,8758076263,adominicaccica@netscape.com
Nickey Claughton,282 Florence Court,9657102802,nclaughtoncb@apache.org
Sam Frise,782 Del Mar Point,3938524500,sfrisecc@nyu.edu
Emlynn Fantonetti,18 Mayer Road,5288688084,efantonetticd@soup.io
Francyne de Clerk,4901 Mcbride Place,8179363983,fdece@google.de
Cletus Fanning,50 1st Point,3573737939,cfanningcf@samsung.com
Lorilyn Feifer,66124 Starling Alley,9381047771,lfeifercg@typepad.com
Aeriel McGowing,1563 4th Hill,1119423404,amcgowingch@nps.gov
Milli Dybell,35295 Arizona Hill,3276346001,mdybellci@feedburner.com
Kailey Nyland,6 Morningstar Terrace,2959006684,knylandcj@i2i.jp
Renaud Cesconi,3906 Monterey Drive,2158742306,rcesconick@miitbeian.gov.cn
Kyle Tomasi,807 Oriole Street,8034058123,ktomasicl@jalbum.net
Ignatius Abele,3 Bellgrove Street,8907106755,iabelecm@yandex.ru
Barbra Swyne,2866 Grim Pass,8276245184,bswynecn@freewebs.com
Erma Tuckey,902 Spenser Circle,1886867282,etuckeyco@scribd.com
Idelle Friedman,55286 Bartillon Junction,1122014326,ifriedmancp@goo.gl
Danella Ruperto,864 Badeau Park,5013198107,drupertocq@answers.com
Elvina McGarvie,7368 Laurel Circle,7356819588,emcgarviecr@princeton.edu
Geneva Sonschein,41 Stephen Circle,7965874125,gsonscheincs@mozilla.org
Shina Spatig,0 Pepper Wood Point,7869206479,sspatigct@adobe.com
Deana Rolfe,5063 Buell Junction,1749649570,drolfecu@aol.com
Duffy Vedekhov,51 Saint Paul Road,2651366583,dvedekhovcv@opera.com
Babita Auden,66002 Milwaukee Pass,9503132232,baudencw@spotify.com
Barbara Kinny,1 Bobwhite Parkway,1552449348,bkinnycx@360.cn
Jill Routhorn,66 Huxley Plaza,2411571133,jrouthorncy@elpais.com
Gwenette Inston,00379 Stang Drive,8768211945,ginstoncz@imgur.com
Leilah Mounce,65589 Blackbird Center,5132177503,lmounced0@google.co.uk
Lorry Paquet,87 Transport Way,3756179899,lpaquetd1@example.com
Ginger Gook,7 Garrison Plaza,6174121653,ggookd2@msn.com
Elsworth Wickie,96 Nancy Pass,7193025406,ewickied3@aol.com
Karmen Pelz,8696 Texas Park,9781865216,kpelzd4@opera.com
Vida Treasure,2 Mallard Circle,6917558812,vtreasured5@google.co.uk
Aubert Treece,612 Merchant Junction,3151114133,atreeced6@dmoz.org
Jillane Horwell,941 Veith Alley,5993882969,jhorwelld7@ucla.edu
Demetris Debenham,3 Birchwood Circle,7434287578,ddebenhamd8@unicef.org
Emery Lutton,8705 Luster Hill,1762526793,eluttond9@wisc.edu
Ethe Straniero,68218 American Road,2707578355,estranieroda@fotki.com
Geoffrey Fyndon,60183 Rutledge Road,9692918305,gfyndondb@deviantart.com
Nicolle Hasling,10099 Hazelcrest Parkway,6768289634,nhaslingdc@cdc.gov
Floyd Ramble,885 Express Court,8859033489,frambledd@independent.co.uk
Erica Kinman,7457 Orin Park,7958789018,ekinmande@instagram.com
Amandie Gorton,80 Carioca Parkway,2225536982,agortondf@ucsd.edu
Agnola Lafrentz,493 Namekagon Park,9682019244,alafrentzdg@biglobe.ne.jp
Augusto Cobb,7 Duke Crossing,1355046618,acobbdh@g.co
Monty MacSkeagan,4298 Calypso Crossing,5282957290,mmacskeagandi@theatlantic.com
Myca Bartolacci,0680 Morningstar Junction,3476610165,mbartolaccidj@miibeian.gov.cn
Bentlee Upstell,60 Randy Way,7502230356,bupstelldk@java.com
Rollie Cholmondeley,9067 Columbus Road,2371236559,rcholmondeleydl@smh.com.au
Katine McCay,8047 High Crossing Avenue,5814726257,kmccaydm@samsung.com
Tiffy Redfield,8274 Montana Plaza,9899298186,tredfielddn@alibaba.com
Forrest Thunnercliff,0978 2nd Parkway,2407465689,fthunnercliffdo@netscape.com
Winifred Kenan,7340 Kedzie Park,7833580401,wkenandp@clickbank.net
Lois Hackelton,62 Burrows Center,8509960162,lhackeltondq@pen.io
Rafaelita Parmley,288 Monument Court,6124407298,rparmleydr@europa.eu
Lorne Rundall,2 Milwaukee Point,7676686599,lrundallds@angelfire.com
Barnaby Basillon,9116 Stone Corner Court,2177006523,bbasillondt@canalblog.com
Bradney Caret,4216 Spenser Trail,7006050641,bcaretdu@hugedomains.com
Carmita Silversmidt,729 Dennis Point,3923157712,csilversmidtdv@phoca.cz
Merola Adrain,26 Heffernan Trail,3039183657,madraindw@1688.com
Ola Bryer,116 Corben Park,2112718959,obryerdx@netlog.com
Sutherlan Chessor,34910 Lukken Circle,5107417930,schessordy@ycombinator.com
Joell Chaff,9 Northfield Pass,8913658272,jchaffdz@wikia.com
Neddy Guillain,626 Duke Plaza,3211698024,nguillaine0@desdev.cn
Skippy Trenam,4 Stephen Parkway,8732396646,strename1@arizona.edu
Sidnee O'Geaney,70 Shasta Place,9363502995,sogeaneye2@utexas.edu
Delaney Caskie,253 Bultman Drive,8309817051,dcaskiee3@nhs.uk
Nettle Rigler,60 Vermont Hill,1684133304,nriglere4@dropbox.com
Clim Sewall,7002 Ronald Regan Court,6395362492,csewalle5@washingtonpost.com
Glynis Wenger,0786 Roth Avenue,2383485490,gwengere6@techcrunch.com
Lyn Burland,1060 Helena Crossing,3781046059,lburlande7@huffingtonpost.com
Nikola Furmagier,0 4th Plaza,7616487347,nfurmagiere8@mashable.com
Dalenna Folliss,69 Esker Park,3426912840,dfollisse9@amazonaws.com
Casey Pelerin,37 Lighthouse Bay Crossing,6438028843,cpelerinea@hubpages.com
Samson Agronski,65680 Beilfuss Point,7832847842,sagronskieb@posterous.com
Constantino Arlott,216 Pleasure Way,1872227612,carlottec@arizona.edu
Hilde Le Blanc,10117 Forest Dale Road,7857558525,hleed@studiopress.com
De witt Ciccetti,76064 Ludington Street,6702076682,dwittee@google.de
Morie Seakings,926 Lakeland Road,6917723379,mseakingsef@nba.com
Cate Marcam,35 Blaine Road,6912563998,cmarcameg@foxnews.com
Andy Bowden,306 Sunfield Park,9901799629,abowdeneh@home.pl
Cristian Tenniswood,41 Moland Junction,1981708812,ctenniswoodei@techcrunch.com
Arabela Whinney,12 Everett Pass,2831754465,awhinneyej@seattletimes.com
Georgeanne De Hooch,543 Trailsway Street,2849531893,gdeek@twitpic.com
Yves Grendon,24 Lighthouse Bay Park,5984371290,ygrendonel@ucla.edu
Aleksandr Shekle,783 Ruskin Center,5613101999,ashekleem@dmoz.org
Enos Loynton,85338 Vidon Center,6087076204,eloyntonen@desdev.cn
Trumaine Tiddeman,68455 Ruskin Alley,6295761494,ttiddemaneo@soup.io
Maxie Sonner,13047 Mendota Hill,9073909689,msonnerep@huffingtonpost.com
Lutero Awton,0621 Kenwood Way,6076441001,lawtoneq@indiegogo.com
Phelia Blockwell,59311 Porter Road,9124638851,pblockweller@census.gov
Marcus Winckle,33268 Oak Parkway,1454559900,mwincklees@imageshack.us
Marget Dubarry,4 Waywood Hill,6345348943,mdubarryet@ocn.ne.jp
Dorelle Delacour,792 Dwight Terrace,8005671098,ddelacoureu@epa.gov
Sheilah Fields,64 Bartillon Terrace,4634258664,sfieldsev@goo.gl
Bunny Gatrill,2296 Barby Center,9425069028,bgatrillew@nymag.com
Joli Laurenz,4472 Fremont Point,5198860854,jlaurenzex@cnet.com
Land Hathwood,5 Bayside Park,5198875537,lhathwoodey@timesonline.co.uk
Bertina Tofanelli,1 Arkansas Pass,9975201366,btofanelliez@fotki.com
Gillie Philo,12500 Oakridge Park,2592396585,gphilof0@amazon.co.jp
Philippine Bellord,99 Truax Way,3531817661,pbellordf1@trellian.com
Opaline Drawmer,79555 Esch Street,5269893105,odrawmerf2@prweb.com
Gladi Mobley,6 Nancy Street,3676028327,gmobleyf3@springer.com
Vallie Bryceson,76 Messerschmidt Terrace,9524693411,vbrycesonf4@elegantthemes.com
Danita Odlin,97791 Thompson Way,9453466464,dodlinf5@plala.or.jp
Pietro Cardozo,4460 Cambridge Pass,3783433764,pcardozof6@house.gov
Cristionna Dabling,0 Waubesa Road,6264605812,cdablingf7@google.co.uk
Adina Cleife,48943 Summerview Center,6714923414,acleifef8@freewebs.com
Rance Goreway,2 Hintze Park,3089080453,rgorewayf9@bloglines.com
Fairlie Silversmid,866 Farmco Court,7205070741,fsilversmidfa@privacy.gov.au
Shalne Belcham,40 Kedzie Parkway,6282886300,sbelchamfb@github.io
Marty Meddemmen,5 Westerfield Court,3333956684,mmeddemmenfc@wikia.com
Martina Gailor,1 Fordem Center,8354943651,mgailorfd@free.fr
Alfie Schroder,41279 Sundown Drive,9437233643,aschroderfe@timesonline.co.uk
Paige Crake,11403 Mallory Avenue,3196052540,pcrakeff@google.fr
Byrle Yepiskov,42 Old Shore Point,5253741909,byepiskovfg@bandcamp.com
Salaidh Allabush,789 Lien Terrace,5534858217,sallabushfh@eventbrite.com
Tracie Duffie,74 Reindahl Junction,8129927322,tduffiefi@europa.eu
Klemens Middleditch,083 Briar Crest Place,6503658530,kmiddleditchfj@shutterfly.com
Brennen Dzeniskevich,232 Twin Pines Pass,6516076048,bdzeniskevichfk@epa.gov
Carl Warin,9770 Upham Drive,8137538753,cwarinfl@naver.com
Agretha Farris,272 Dunning Lane,5363199596,afarrisfm@trellian.com
Dory Calvie,7 Service Street,2111938026,dcalviefn@cnn.com
Nero Meneghelli,8256 Moland Center,3684578052,nmeneghellifo@infoseek.co.jp
Linnie Ubank,93767 Redwing Junction,5631877507,lubankfp@privacy.gov.au
Liliane Royan,35 Warbler Alley,5336367976,lroyanfq@go.com
Dell Ginnety,717 Memorial Lane,4312601330,dginnetyfr@goodreads.com
Edy Bickardike,222 Roth Circle,6971022937,ebickardikefs@seesaa.net
Beverie Spensley,67207 Pawling Lane,8422004680,bspensleyft@zimbio.com
Stillman Kinze,53 Bartelt Lane,3431711548,skinzefu@privacy.gov.au
Abdul Spellsworth,25 Nova Point,6147098458,aspellsworthfv@wikipedia.org
Glynnis Radbone,17 Mandrake Alley,1182781770,gradbonefw@icio.us
Basia Pead,55590 Sunfield Avenue,9112052935,bpeadfx@msu.edu
Kirbie Cassam,73 Texas Hill,3277969503,kcassamfy@europa.eu
Joshuah Hoodlass,85518 Aberg Point,7684846526,jhoodlassfz@sakura.ne.jp
Adrien Scarborough,2 Chinook Court,2769754779,ascarboroughg0@hp.com
Constantine Harvey,49 Mifflin Trail,3168362920,charveyg1@nbcnews.com
Geoffrey Sorrill,28075 Eggendart Trail,9905973144,gsorrillg2@goo.gl
Annaliese Eckart,40944 Maywood Crossing,8272621210,aeckartg3@wufoo.com
Emlynn Larwood,88 Barby Alley,2274571661,elarwoodg4@japanpost.jp
Thorn Wilmott,3 Elka Court,8608859721,twilmottg5@pen.io
Barnie Yemm,859 Fieldstone Place,3823201483,byemmg6@ucsd.edu
Morgen Burwell,3 Summerview Point,3846174814,mburwellg7@cbc.ca
Brewer Galpen,24 Declaration Plaza,5977496936,bgalpeng8@gov.uk
Madison Eyres,8 Doe Crossing Drive,7938242315,meyresg9@salon.com
Natassia Rosebotham,82 Hallows Center,5032241148,nrosebothamga@ft.com
Sherye Sansom,121 Lakewood Gardens Park,2915177460,ssansomgb@biblegateway.com
Lewiss Cattellion,590 Bunting Place,7083154167,lcattelliongc@cpanel.net
Branden Irnis,7 Shoshone Pass,6601226818,birnisgd@salon.com
Brewer Hissett,5464 Autumn Leaf Hill,6139280932,bhissettge@blogger.com
Rubina Pechell,32627 Hansons Avenue,7862532605,rpechellgf@photobucket.com
Nico Spir,33 Fairfield Court,7362353437,nspirgg@squidoo.com
Leah Guerrin,783 Lakeland Plaza,3579046179,lguerringh@nytimes.com
Isaac O'Corrin,847 Forest Hill,6575637943,iocorringi@opera.com
Rosalia Olsen,7549 Rockefeller Street,8116267036,rolsengj@fastcompany.com
Balduin Landrean,690 Susan Parkway,5029517385,blandreangk@list-manage.com
Helyn Clotworthy,30345 Evergreen Pass,7257896560,hclotworthygl@marketwatch.com
Hort Arnison,093 Knutson Court,4244825112,harnisongm@businesswire.com
Lemar Ilchenko,9070 Reindahl Parkway,8629821288,lilchenkogn@lulu.com
Erie Rosen,57 Stuart Trail,7493537504,erosengo@house.gov
Eadith Shackel,592 Browning Crossing,2086888094,eshackelgp@uiuc.edu
Winne Gantz,2032 Anthes Crossing,8166941237,wgantzgq@admin.ch
Darrin Francesconi,15 Dixon Terrace,2355833237,dfrancesconigr@geocities.jp
Linn Giorgio,3364 Rusk Lane,8969913366,lgiorgiogs@issuu.com
Barbi Valentetti,90 Troy Center,5415438760,bvalentettigt@slashdot.org
Storm MacArdle,4576 Delaware Park,4782683220,smacardlegu@123-reg.co.uk
Gussi Turfs,23 Blackbird Alley,1741431353,gturfsgv@bloomberg.com
Jobey O' Connell,35224 Browning Avenue,8851538981,jogw@blog.com
Frank Booeln,22845 Mendota Court,5802519988,fbooelngx@jalbum.net
Lizzie Spadazzi,479 Eagan Avenue,8713187018,lspadazzigy@un.org
Susana Shayler,72 Norway Maple Circle,3136486488,sshaylergz@soundcloud.com
Deva Dumblton,69785 Merrick Court,2318762689,ddumbltonh0@issuu.com
Dougy Greatreax,729 Nelson Alley,5014105801,dgreatreaxh1@microsoft.com
Jo Dunlop,315 Vahlen Center,9603208474,jdunloph2@jalbum.net
Carver Bras,46 Continental Street,9418945551,cbrash3@slashdot.org
Michal Redparth,987 Jackson Junction,2308231134,mredparthh4@mozilla.org
Hi Bartelet,08070 Nobel Circle,7077822680,hbarteleth5@ameblo.jp
Dana Jarville,9 Lotheville Lane,6534113612,djarvilleh6@apache.org
Brigitta Kesey,0 Cherokee Road,7917686535,bkeseyh7@home.pl
Jarad Fenton,779 Macpherson Court,5579536357,jfentonh8@un.org
Sherill Devita,9 Ronald Regan Court,4642362797,sdevitah9@simplemachines.org
Michelle Lamkin,27220 Springview Court,4832322532,mlamkinha@usda.gov
Ralph Newlands,426 Basil Trail,1951135091,rnewlandshb@berkeley.edu
Constantina Bennington,7837 Banding Circle,6147456203,cbenningtonhc@census.gov
Barde Cammock,071 Ridge Oak Point,2848254560,bcammockhd@independent.co.uk
Mellisa Colebourn,287 Tennessee Lane,8094777200,mcolebournhe@tiny.cc
Delores Bold,36933 Pine View Pass,7502814527,dboldhf@nytimes.com
Wilmer Mowatt,14815 Briar Crest Terrace,1015215355,wmowatthg@omniture.com
Britteny Boissier,50 Mosinee Parkway,1303236043,bboissierhh@webmd.com
Fidelio Braben,90695 Artisan Point,1504670038,fbrabenhi@wikia.com
Jasmin Tuffield,7 Artisan Lane,3117221014,jtuffieldhj@google.com.au
Margarete Wonfor,8 Elka Park,5735884777,mwonforhk@boston.com
Maude Lattie,739 Hovde Place,1336953228,mlattiehl@live.com
Linette Eggerton,0214 Lakeland Circle,4706717029,leggertonhm@ed.gov
Booth Carss,10 David Hill,7466464256,bcarsshn@comcast.net
Ashlan Neaverson,06822 Kinsman Parkway,1025637422,aneaversonho@sogou.com
Barney Haill,79 Bellgrove Street,8397072916,bhaillhp@apple.com
Jess Hayen,60 American Terrace,1924419651,jhayenhq@nature.com
Silvie Laurenson,57233 Spenser Circle,7768028292,slaurensonhr@dailymail.co.uk
Sandor Renault,6408 Mandrake Lane,1475321727,srenaulths@wsj.com
Hilde Zmitrichenko,2 Elka Pass,5863520831,hzmitrichenkoht@apple.com
Jeniece Sebright,448 Lake View Junction,9852527896,jsebrighthu@blog.com
Matthus Wadeson,59791 Delaware Terrace,9142964186,mwadesonhv@independent.co.uk
Kariotta Heggadon,899 Jana Point,3173448039,kheggadonhw@hao123.com
Dalli Bakhrushkin,85503 Emmet Center,5389146734,dbakhrushkinhx@cnet.com
Tera Waghorn,80 Wayridge Park,2217714061,twaghornhy@umn.edu
Bram Roelofsen,39 Longview Junction,7876727972,broelofsenhz@tinyurl.com
Moises Greeding,6 Brown Street,5038783194,mgreedingi0@oaic.gov.au
Shepperd Tregido,4501 Straubel Road,2031055215,stregidoi1@clickbank.net
Farrah Fitzpatrick,491 Kennedy Point,8692122492,ffitzpatricki2@skyrock.com
Drucy Ledbetter,171 Blue Bill Park Street,4262053385,dledbetteri3@microsoft.com
Caril Reilly,03 Service Court,4751925257,creillyi4@biglobe.ne.jp
Sarena Lismer,9014 Old Gate Street,3404451337,slismeri5@vimeo.com
Torrie Bishell,9 Schurz Parkway,9548651789,tbishelli6@sitemeter.com
Krishnah Meffin,84 Derek Crossing,4117002134,kmeffini7@unicef.org
Glenine Pheasey,20642 High Crossing Junction,6221945043,gpheaseyi8@cbc.ca
Herve Knevett,9 Nelson Court,1694466640,hknevetti9@trellian.com
Alley Sudell,2447 Debra Terrace,2004247691,asudellia@sourceforge.net
Tanney Storer,3212 Commercial Junction,2691910457,tstorerib@yandex.ru
Janis Fanshawe,69849 Schiller Hill,8444836198,jfanshaweic@hibu.com
Brion Amor,70087 Ramsey Street,6326698267,bamorid@constantcontact.com
Pierre Ivchenko,10 Lakewood Road,5435160970,pivchenkoie@gnu.org
Aaren Denge,485 Hudson Pass,2234303678,adengeif@discovery.com
Licha Probbing,6 Packers Road,5801101522,lprobbingig@rediff.com
Romona Hiseman,89568 Mcguire Alley,7498605757,rhisemanih@ucoz.ru
Pauline O'Dare,01 Mesta Road,6305607709,podareii@sitemeter.com
Oralla Kinny,8 Cambridge Terrace,8348374217,okinnyij@ning.com
Evanne Daniellot,19329 Bunting Crossing,5252113298,edaniellotik@walmart.com
Say Caris,5 Delaware Way,4451863206,scarisil@hubpages.com
Wash Stannas,8 Thierer Center,9187519096,wstannasim@nhs.uk
Cointon Beckett,5157 Vermont Point,2613400166,cbeckettin@marketwatch.com
Tailor Ingry,29637 Oriole Terrace,7193371830,tingryio@slashdot.org
Tamma Bolstridge,453 Forest Dale Drive,7663997824,tbolstridgeip@nature.com
Craig Course,20327 Gateway Center,7871390414,ccourseiq@tinypic.com
Ker Beadnell,9 Continental Alley,6269285258,kbeadnellir@huffingtonpost.com
Lanny Sterndale,92652 Swallow Place,6203282822,lsterndaleis@blogger.com
Stevena Tithecott,1 Harbort Circle,9364380231,stithecottit@t.co
Ruprecht Safell,71 Pawling Hill,1651174392,rsafelliu@japanpost.jp
Rutger Worcester,3015 Hansons Lane,1359882967,rworcesteriv@si.edu
Milzie Lenox,86 Bluestem Plaza,9496401090,mlenoxiw@harvard.edu
Serene Clench,33 6th Alley,1057053225,sclenchix@ibm.com
Ola Decruse,3 Porter Point,3235460845,odecruseiy@live.com
Tammie Ilett,636 Cherokee Drive,5822631213,tilettiz@sbwire.com
Randall Showt,94 Jenna Alley,8969129031,rshowtj0@indiatimes.com
Bobby Royds,033 Moose Plaza,3789741485,broydsj1@dion.ne.jp
Roze Baldazzi,6586 Dexter Drive,9684275365,rbaldazzij2@wordpress.org
Avery Olyff,0894 Washington Avenue,5953631105,aolyffj3@ehow.com
Man Kantor,61 Morning Plaza,4696654938,mkantorj4@yahoo.co.jp
Cyrille Clarae,81 Ridgeview Point,4119379214,cclaraej5@independent.co.uk
Kittie Baum,47688 Pierstorff Parkway,7409827521,kbaumj6@hao123.com
Barbee Cheyne,8 Graedel Plaza,8875016660,bcheynej7@ftc.gov
Morgan Skitral,2083 Mcbride Drive,5033332006,mskitralj8@dailymotion.com
Dory Travers,6 Green Lane,3037148808,dtraversj9@diigo.com
Julianne Wisedale,8885 Montana Parkway,8171751361,jwisedaleja@businessweek.com
Richart Baudesson,1 Thompson Circle,4846512188,rbaudessonjb@joomla.org
Jemmie Svanini,52 Di Loreto Street,7979398783,jsvaninijc@paypal.com
Freda Medendorp,091 Canary Pass,7976293888,fmedendorpjd@drupal.org
Dania Mainston,25 Mesta Court,2076913845,dmainstonje@seesaa.net
Petronia Inmett,4091 Red Cloud Drive,7818570382,pinmettjf@cnn.com
Hildegarde Dainter,694 Mcbride Court,8877657421,hdainterjg@friendfeed.com
Britt Lowers,0 Myrtle Plaza,1663671640,blowersjh@weather.com
Anthe Megarry,34454 Darwin Circle,3113963424,amegarryji@51.la
Flori Mussolini,95 Thackeray Place,4857850154,fmussolinijj@geocities.jp
Pepita Hebron,8 Miller Trail,6603539484,phebronjk@ucsd.edu
Gilli Chawner,114 Washington Street,3908072022,gchawnerjl@goo.gl
Rossy Heining,5 Melody Circle,1205993437,rheiningjm@mashable.com
Van Apthorpe,29 Iowa Road,7851462434,vapthorpejn@noaa.gov
Daryl Keatch,3712 Chive Street,9818941465,dkeatchjo@mapy.cz
Cheston Volette,1794 Fairview Lane,8082984399,cvolettejp@discovery.com
Denna Pinches,6442 Merry Way,9311986231,dpinchesjq@who.int
Tyne Donhardt,337 Wayridge Road,5008565814,tdonhardtjr@soup.io
Shir Muncaster,09762 Johnson Trail,5241406594,smuncasterjs@w3.org
Jan Ruberry,540 Corry Point,6615530586,jruberryjt@tinypic.com
Ashly Wohler,0 Randy Drive,5987104754,awohlerju@bloglines.com
Kelly Antoniak,1 Kenwood Terrace,4727741068,kantoniakjv@tuttocitta.it
Wade Duffyn,1680 Anhalt Crossing,2923993707,wduffynjw@spiegel.de
Harrietta Wibberley,98996 Forster Park,3207701005,hwibberleyjx@msu.edu
Anneliese Hebborne,388 Continental Lane,8719932223,ahebbornejy@newsvine.com
Lauretta Govenlock,10 Lillian Parkway,7352618791,lgovenlockjz@google.co.uk
Perkin Dartnell,5 Charing Cross Lane,8824515053,pdartnellk0@squidoo.com
Nevin Kirmond,425 Killdeer Plaza,9713627400,nkirmondk1@state.gov
Susanna Lugg,4 Badeau Plaza,5864932463,sluggk2@ucla.edu
Sari Arnaez,418 Shopko Place,4938575467,sarnaezk3@jigsy.com
Samaria Busher,3 Larry Hill,7304983210,sbusherk4@weibo.com
Jayme Roullier,727 Badeau Way,1131570920,jroullierk5@ucsd.edu
Wandis Edmett,638 Toban Point,6922085008,wedmettk6@npr.org
Alon Docket,35 Armistice Place,8575747990,adocketk7@nydailynews.com
Romy Greenstock,7 Springs Junction,1972895500,rgreenstockk8@csmonitor.com
Alisa Roglieri,6 North Lane,8231155242,aroglierik9@dropbox.com
Camilla Laxen,5 Drewry Point,7066547750,claxenka@wired.com
Candis Wharmby,037 Pankratz Place,2887284654,cwharmbykb@telegraph.co.uk
Emalia Shearme,8 Russell Lane,1871799205,eshearmekc@plala.or.jp
Lorry Esp,906 Burrows Avenue,7882532210,lespkd@simplemachines.org
Jereme Wilgar,9 Montana Avenue,7682280728,jwilgarke@google.fr
Gabbie Chittim,4 Nobel Junction,3844189099,gchittimkf@narod.ru
Jemima Brambell,2871 Reindahl Alley,7826111855,jbrambellkg@senate.gov
Luciano Lambertz,2 Mayfield Hill,8854473936,llambertzkh@sakura.ne.jp
Cleo Pfaffe,21 Fallview Avenue,5908736085,cpfaffeki@feedburner.com
Twyla Curness,6157 Bluestem Drive,6231506850,tcurnesskj@cbc.ca
Arleta Hast,172 Morningstar Drive,8332812827,ahastkk@cdbaby.com
Fredric Rangell,964 Oak Valley Crossing,1027312936,frangellkl@vkontakte.ru
Herbert Dukesbury,1 Vera Alley,1033110191,hdukesburykm@amazon.de
Pierette Pettinger,0 Orin Road,6662632160,ppettingerkn@woothemes.com
Lily Mollett,0 Lakewood Street,8013579050,lmollettko@sun.com
Aimil Douch,7314 Center Crossing,5251290172,adouchkp@behance.net
Letta Turone,774 Southridge Lane,1396646267,lturonekq@tumblr.com
Fannie Kuhnwald,4298 Lerdahl Drive,6445626884,fkuhnwaldkr@artisteer.com
Pattie Osbaldeston,136 Aberg Court,7821929268,posbaldestonks@mac.com
Laney Saylor,65 North Way,6438117372,lsaylorkt@woothemes.com
Burt Cockburn,842 Grim Road,2309062554,bcockburnku@wp.com
Elie Ide,4975 Dayton Circle,7285949419,eidekv@shop-pro.jp
Tilda Stratley,50 Farragut Way,6593570967,tstratleykw@spotify.com
Lynnelle Saunt,46091 Oriole Center,9801166293,lsauntkx@deliciousdays.com
Mord Bairstow,9 Jenifer Avenue,6748457864,mbairstowky@drupal.org
Livvy Sporner,0107 Stone Corner Alley,3814359120,lspornerkz@bluehost.com
Davie Antos,3188 Anzinger Court,9744043464,dantosl0@sciencedaily.com
Winna Extance,0397 Alpine Alley,9718772506,wextancel1@ycombinator.com
Deedee Jachimak,1 Fordem Avenue,2786849804,djachimakl2@weebly.com
Jemmie Kellart,63 Eggendart Road,9691250362,jkellartl3@sun.com
Eugenio Brittle,03 Sunfield Road,1887449872,ebrittlel4@nydailynews.com
Eliza Breckin,005 Kingsford Circle,5982445967,ebreckinl5@unc.edu
Nicky Kivlin,92873 East Court,2666104609,nkivlinl6@mozilla.org
Wittie Saylor,20 Anderson Court,2938558919,wsaylorl7@jiathis.com
Vick Gantzer,6955 Northwestern Junction,5665245935,vgantzerl8@homestead.com
Antoine Badham,3 Grayhawk Hill,6484439946,abadhaml9@globo.com
Birch Macro,259 Oriole Way,6391092965,bmacrola@instagram.com
Keith Warrington,6142 Bellgrove Crossing,5604599538,kwarringtonlb@purevolume.com
Efren Keaves,407 Blaine Drive,6142533381,ekeaveslc@reverbnation.com
Reinaldo Kirtley,8 Dorton Pass,2751210860,rkirtleyld@mediafire.com
Kathryne Sheer,97950 Hoffman Crossing,4813967213,ksheerle@seattletimes.com
Homer Morstatt,2 Steensland Way,2172528928,hmorstattlf@discovery.com
Adriane Duddin,50886 Fordem Park,8492055993,aduddinlg@springer.com
Bart McGaughay,857 Kim Court,3664460965,bmcgaughaylh@blogspot.com
Gregoor Caven,57908 Artisan Circle,9586637015,gcavenli@addtoany.com
Donnie Gullen,7 Crownhardt Place,3585237916,dgullenlj@google.fr
Adamo Tullett,63191 Crowley Alley,5387498150,atullettlk@wix.com
Devonna Fayers,59393 Lien Street,2446044223,dfayersll@bluehost.com
Claire Swinburn,88381 Dorton Alley,7083976074,cswinburnlm@jimdo.com
Jana Albutt,5 Blaine Alley,8554779877,jalbuttln@nytimes.com
Tiphany FitzGeorge,891 Kenwood Circle,8076172530,tfitzgeorgelo@friendfeed.com
Francklyn Glading,3410 Montana Terrace,5012790632,fgladinglp@umn.edu
Hannie O' Shea,2 Rutledge Place,2151048712,holq@devhub.com
Karlan Warrack,1 Milwaukee Point,4537829386,kwarracklr@ustream.tv
Cornell Blues,66756 Texas Avenue,8283840402,cbluesls@google.fr
Birgitta Mitchall,54 Fulton Drive,9569082230,bmitchalllt@un.org
Sabrina Neale,1735 Valley Edge Center,4127389535,snealelu@acquirethisname.com
Sunshine Balfour,52665 Columbus Junction,5512119734,sbalfourlv@japanpost.jp
Berri Hoult,40 Hooker Center,6127693549,bhoultlw@quantcast.com
Wilt Trowill,9 Dorton Junction,6368285582,wtrowilllx@google.co.uk
Susi Pape,0 Fieldstone Crossing,6771446211,spapely@amazon.de
Dulcia Searsby,4 Starling Crossing,2715812373,dsearsbylz@intel.com
Lizette Reeme,846 Londonderry Crossing,6505001735,lreemem0@wordpress.org
Juditha Maseres,679 Forest Avenue,7864092639,jmaseresm1@ebay.co.uk
Melamie Nuzzi,89 Clemons Way,7761777447,mnuzzim2@yellowbook.com
Ernesta Garfitt,19946 Summer Ridge Way,8797641598,egarfittm3@histats.com
Ephrem Mardall,7 Carey Center,9133398786,emardallm4@shutterfly.com
Benton Dikelin,04692 Summerview Drive,1103862682,bdikelinm5@instagram.com
Jackqueline Henric,88235 Nelson Circle,6758739169,jhenricm6@gov.uk
Trudy Castagno,60 Chinook Pass,6946306717,tcastagnom7@indiegogo.com
Finley Billing,6240 Mayer Terrace,5049095056,fbillingm8@unblog.fr
Alphonso Minty,4824 2nd Avenue,6965289011,amintym9@digg.com
Giorgi Zoanetti,3646 Florence Way,7359846038,gzoanettima@desdev.cn
Nester Acum,7412 Huxley Way,8942317688,nacummb@ehow.com
Gib Tolworth,66 Dapin Parkway,6891336988,gtolworthmc@army.mil
Wright Andreutti,9162 Division Avenue,9016872664,wandreuttimd@youtu.be
Eddie Rigard,063 South Pass,8957786152,erigardme@nba.com
Maitilde Wrigglesworth,8561 Ridgeway Circle,8176952903,mwrigglesworthmf@mozilla.org
Betti Zeal,74 Dunning Drive,9845110192,bzealmg@ebay.co.uk
Dyna Potbury,08 Blackbird Lane,9946011974,dpotburymh@vinaora.com
Berri Smoth,1132 Main Trail,7064481410,bsmothmi@vkontakte.ru
Borden Threadgold,094 Mariners Cove Junction,8956932352,bthreadgoldmj@biblegateway.com
Birk Ferrant,49 Lake View Avenue,1017467701,bferrantmk@indiegogo.com
Melanie Dalligan,8 Messerschmidt Hill,9312141662,mdalliganml@sphinn.com
Harbert Pape,53 Rutledge Circle,6597298118,hpapemm@wsj.com
Darda Huygens,28 Blaine Park,5098729263,dhuygensmn@usatoday.com
Malchy Eynald,04719 Chinook Terrace,4613873312,meynaldmo@salon.com
Gus Czajkowski,128 Acker Point,9041051689,gczajkowskimp@huffingtonpost.com
Vonnie Ambrogio,66933 Clyde Gallagher Junction,9577773594,vambrogiomq@tuttocitta.it
Marie-ann Eisold,6321 Westridge Park,4135493186,meisoldmr@wsj.com
Salaidh Lancashire,92728 Forest Park,9193203594,slancashirems@1und1.de
Demetris Leahy,02643 Old Shore Junction,1145079358,dleahymt@sun.com
Erskine Kensy,59 Scott Point,1632408110,ekensymu@youtube.com
Else Cuer,615 Bayside Drive,6857020804,ecuermv@accuweather.com
Onida Purser,679 Wayridge Way,2657138590,opursermw@gizmodo.com
Sheffy Iohananof,15385 Cherokee Street,9076604074,siohananofmx@blogtalkradio.com
Jamie Gossage,7 Meadow Valley Road,1439432574,jgossagemy@seesaa.net
Chaddy Paladino,39 American Junction,1967824741,cpaladinomz@a8.net
Jonathon Harm,16415 Bluejay Court,7215093876,jharmn0@reverbnation.com
Thadeus Morter,63 Oneill Parkway,1593000387,tmortern1@cam.ac.uk
Lorianna Kemmet,5 Division Lane,4511732468,lkemmetn2@github.com
Gunner Drews,614 Kensington Court,3339835379,gdrewsn3@geocities.jp
Florence Vernazza,327 Weeping Birch Street,3127312092,fvernazzan4@jugem.jp
Tamara Mully,8362 Gale Park,1229298359,tmullyn5@facebook.com
Mara Orleton,5 Calypso Pass,1566922615,morletonn6@dedecms.com
Bari Bugby,9 Russell Street,5532775997,bbugbyn7@geocities.com
Nicoli Thon,335 Crescent Oaks Plaza,5083150097,nthonn8@behance.net
Pegeen Crawford,3045 Sutteridge Park,1874191329,pcrawfordn9@europa.eu
Frankie Marmion,91622 Homewood Hill,9695026897,fmarmionna@networksolutions.com
Chloe Dangl,8019 Chinook Lane,2477056882,cdanglnb@rakuten.co.jp
Otto Stoodley,6 Almo Terrace,7616403670,ostoodleync@godaddy.com
Ilario Tivenan,188 Mcguire Road,3091244406,itivenannd@wufoo.com
Barbee Conaboy,66 Center Trail,1972772747,bconaboyne@goo.ne.jp
Devinne O'Cullinane,1 Anderson Park,2827963484,docullinanenf@disqus.com
Michelina Carlin,103 Dahle Terrace,3458500311,mcarlinng@ask.com
Clarey Glendinning,8 Waxwing Parkway,8752645150,cglendinningnh@gizmodo.com
Melinde Surgener,7 Derek Point,8161993927,msurgenerni@hexun.com
Beret Oxtarby,9 Arrowood Parkway,2217808288,boxtarbynj@nsw.gov.au
Geoffry Battany,0267 Little Fleur Hill,7343520686,gbattanynk@geocities.com
Griffith Philpault,8 Leroy Junction,2411052303,gphilpaultnl@edublogs.org
Siana Sneddon,991 Prairie Rose Drive,2332939477,ssneddonnm@tripod.com
Allyson Tilsley,6661 Surrey Court,6799288197,atilsleynn@sohu.com
Sigmund Ropert,44590 Independence Park,8544244029,sropertno@github.com
Krissie Humbell,50 Prairie Rose Terrace,2023817949,khumbellnp@imdb.com
Joseito Olphert,947 Beilfuss Place,5951667293,jolphertnq@bloglovin.com
Dorey Beazey,486 Dunning Avenue,2039009570,dbeazeynr@webs.com
Aldous Buske,920 Maple Lane,9688986077,abuskens@noaa.gov
Filbert Andrusyak,637 Moulton Drive,8486278983,fandrusyaknt@moonfruit.com
Danie Huthart,307 Westend Hill,9761585216,dhuthartnu@163.com
Quincy Sybbe,96320 Havey Hill,6476357558,qsybbenv@symantec.com
Audy Clougher,312 Melrose Street,5043541654,acloughernw@tripadvisor.com
Jemima McColgan,0 Bellgrove Avenue,9332927413,jmccolgannx@apache.org
Luigi Wolfart,17179 Farmco Point,7945329089,lwolfartny@t.co
Chick Carme,7 Fisk Road,6319872198,ccarmenz@springer.com
Lyndy Lowe,6994 Anzinger Point,1785319463,lloweo0@gov.uk
Caralie Case,31 Fairfield Lane,5126560138,ccaseo1@facebook.com
Melli Jepperson,588 Buena Vista Lane,3897982878,mjeppersono2@timesonline.co.uk
Stacy Jordeson,9711 Anzinger Avenue,5177080122,sjordesono3@wisc.edu
Dario Dennant,56 Hovde Alley,5885771644,ddennanto4@home.pl
Oralia Crockett,0 Utah Court,2458150346,ocrocketto5@tamu.edu
Tadeas Hatter,85 Gina Court,6992602711,thattero6@hao123.com
Dusty Grishinov,33985 Northwestern Drive,8938427474,dgrishinovo7@vistaprint.com
Shandy Spratling,85979 Westerfield Lane,3158224414,sspratlingo8@npr.org
Raff Kroch,783 Hayes Alley,9296711256,rkrocho9@npr.org
Karilynn McVeighty,4 Arrowood Court,5849407870,kmcveightyoa@spiegel.de
Misti Pettett,81 Fairfield Point,7678928132,mpettettob@nsw.gov.au
Terri-jo Sparey,7267 Hooker Street,8246491771,tspareyoc@ucla.edu
Mickey Bruin,286 Waxwing Circle,3766174483,mbruinod@independent.co.uk
Agnella Tobin,572 Montana Crossing,3266262561,atobinoe@umn.edu
Clemens Diplock,5428 Continental Court,8627744218,cdiplockof@ucoz.com
Laure Caldero,70 Comanche Avenue,7937440817,lcalderoog@wsj.com
Mallory Brun,67961 Melby Road,1884746957,mbrunoh@upenn.edu
Jase Pritchett,0 Emmet Pass,1879432967,jpritchettoi@ocn.ne.jp
Orsola Donoher,6115 Elmside Parkway,5996628592,odonoheroj@alexa.com
Adler Tarburn,8849 6th Court,1555470206,atarburnok@imageshack.us
Langston Prando,8 Swallow Street,9108439891,lprandool@senate.gov
Jobey Bysshe,22680 Acker Park,7408882518,jbyssheom@harvard.edu
Karyn Fairhall,6 Northfield Circle,9521825322,kfairhallon@google.com
Camey Samsworth,12131 Old Gate Drive,1896982968,csamsworthoo@tmall.com
Madge Ryles,782 Badeau Terrace,3701170717,mrylesop@naver.com
Noella Islip,220 Carpenter Street,2664929282,nislipoq@google.ru
Gretel Dannel,508 Carioca Hill,4266818327,gdannelor@google.pl
Annamarie Dyshart,7886 Algoma Street,8689089046,adyshartos@globo.com
Georgie Challender,7 Clove Avenue,5281167104,gchallenderot@tripod.com
Huntley Novkovic,3 Service Lane,7388484725,hnovkovicou@example.com
Vinny Conneau,361 Pleasure Lane,4587965309,vconneauov@bigcartel.com
Eugene Cominello,01157 Manufacturers Alley,3517783753,ecominelloow@deviantart.com
Yolanthe Lottrington,43724 Daystar Avenue,4344326276,ylottringtonox@homestead.com
Marmaduke Shakesbye,26296 Graedel Avenue,2206214204,mshakesbyeoy@japanpost.jp
Natassia Dutnall,2 Walton Lane,5276244273,ndutnalloz@google.co.uk
Rhodie Kenlin,4111 Dorton Point,8343076750,rkenlinp0@freewebs.com
Ricca Meiningen,8872 Elgar Place,1999323870,rmeiningenp1@cmu.edu
Sabra Fullicks,3421 Graceland Trail,5275081966,sfullicksp2@technorati.com
Archibold Trotton,366 Transport Street,7553854049,atrottonp3@va.gov
Dinny Bedder,61 Mitchell Circle,7472373522,dbedderp4@purevolume.com
Neill Rosnau,5338 Longview Court,9609070767,nrosnaup5@fastcompany.com
Madalena Giovannardi,5 Jenifer Place,9109909819,mgiovannardip6@macromedia.com
Bernardina Dawes,5 South Alley,5813242054,bdawesp7@utexas.edu
Maryjane Bracchi,39328 Homewood Plaza,7746631488,mbracchip8@cmu.edu
Griz Treadaway,53 6th Center,6845285309,gtreadawayp9@merriam-webster.com
Hoebart Bener,11715 Sundown Court,2208626860,hbenerpa@google.fr
Gayle Raiman,9712 Cody Circle,1386761677,graimanpb@sina.com.cn
Pepita Ervin,4858 Loeprich Way,4015940539,pervinpc@ucla.edu
Virgie MacFadin,1689 Bartelt Crossing,4815636331,vmacfadinpd@blogger.com
Merl Dutch,58202 Eagle Crest Junction,5681845342,mdutchpe@ucoz.com
Ben Petyankin,035 Roxbury Parkway,3502927416,bpetyankinpf@hostgator.com
Fleurette Bewlay,2647 Everett Alley,5552368398,fbewlaypg@washingtonpost.com
Gilligan Langfield,6 Union Lane,9315824364,glangfieldph@webs.com
Aprilette Matuszyk,563 Elgar Alley,3396586207,amatuszykpi@indiatimes.com
Kenneth Dugan,5 Hayes Park,7626463357,kduganpj@fda.gov
Annissa Pashen,87140 Birchwood Avenue,5489574811,apashenpk@accuweather.com
Clemente Sleith,23 John Wall Circle,4159281809,csleithpl@csmonitor.com
Aubree Disbury,98 Eastlawn Court,5871522328,adisburypm@google.co.jp
Caresse Normanville,62 Schlimgen Street,2187107906,cnormanvillepn@histats.com
Aurthur Gouny,2386 Novick Court,3438154456,agounypo@wikispaces.com
Tobi Gajownik,78 8th Park,5756074496,tgajownikpp@yahoo.com
Danyelle Camp,37604 Hagan Trail,6066627441,dcamppq@google.co.jp
Annabell Solly,014 Westridge Circle,2509814969,asollypr@nymag.com
Travus Muscat,95908 Sutherland Plaza,7784910546,tmuscatps@nps.gov
Mada Carbine,6 Truax Lane,8397885448,mcarbinept@cornell.edu
Liliane O'Donohue,0967 Eagan Terrace,3292408553,lodonohuepu@pinterest.com
Andree Luis,9666 Service Way,4489303651,aluispv@hud.gov
Edy Leyman,55 Mifflin Park,5471542631,eleymanpw@nifty.com
Leta Howman,30740 Starling Terrace,3612064405,lhowmanpx@twitpic.com
Keefer Tutton,08 Lindbergh Junction,1336220759,ktuttonpy@webs.com
Siana Oslar,4079 Judy Pass,7351606683,soslarpz@wikispaces.com
Keary Tregiddo,7131 West Center,9131433432,ktregiddoq0@eepurl.com
Balduin McGunley,60 Arrowood Way,1664528528,bmcgunleyq1@youku.com
Carlynne Hazart,9 Mockingbird Avenue,5247918720,chazartq2@go.com
Vincents McKintosh,55691 Beilfuss Point,4791194779,vmckintoshq3@trellian.com
Sharona Stewart,253 Florence Place,4879170206,sstewartq4@hud.gov
Adella Wigzell,2 Monterey Circle,1894923768,awigzellq5@google.es
Julina Mathiasen,7584 Manley Road,4125312395,jmathiasenq6@nps.gov
Brock Parnall,61 Golf Avenue,2387377451,bparnallq7@slideshare.net
Glen Ruggles,790 Claremont Center,6631986696,grugglesq8@flavors.me
Pooh Clifton,524 Roxbury Pass,6642897290,pcliftonq9@w3.org
Audrye Doughartie,6882 Sommers Drive,3817998557,adoughartieqa@cyberchimps.com
Adriano Batstone,0 Del Mar Way,9005331241,abatstoneqb@hc360.com
Forbes Fideler,92393 Briar Crest Place,9608615891,ffidelerqc@slashdot.org
Carolin Elliss,182 Glendale Plaza,7034404348,cellissqd@storify.com
Andres Dashwood,34 Stone Corner Lane,6566931316,adashwoodqe@1und1.de
Rainer Doward,5 Schiller Point,7365946741,rdowardqf@weibo.com
Fionnula Loachhead,47 Birchwood Circle,3276990645,floachheadqg@abc.net.au
Alie Ilyunin,504 Browning Trail,5689528243,ailyuninqh@xinhuanet.com
Loretta Asple,6592 Northridge Park,4399508254,laspleqi@wisc.edu
Elbert Dinsale,77139 Fairview Pass,9947045032,edinsaleqj@weather.com
Marianna Laurenty,83 Butterfield Plaza,6443656935,mlaurentyqk@php.net
Heinrik Volke,3 Manufacturers Drive,1186200098,hvolkeql@mysql.com
Mattias Berthe,45 Esker Point,8462974329,mbertheqm@mit.edu
Andriana Gabites,45 Fordem Hill,1386014720,agabitesqn@paginegialle.it
Adrea Obee,1389 Sycamore Crossing,6396673549,aobeeqo@blogspot.com
Indira Cradock,39200 Rutledge Way,8809528150,icradockqp@exblog.jp
Mireille Batting,55 Scoville Parkway,5638534085,mbattingqq@loc.gov
Art Devonald,71 Acker Parkway,3755698546,adevonaldqr@statcounter.com
Dulcinea Ogglebie,406 Lerdahl Street,4427326031,dogglebieqs@opera.com
Vanny Duffrie,7 Dixon Alley,2194625599,vduffrieqt@psu.edu
Minnie Bartolini,68651 Kings Terrace,7035940556,mbartoliniqu@fc2.com
Marika Champerlen,40 Mcbride Street,9107032562,mchamperlenqv@cmu.edu
Fey Cowland,165 Anthes Court,1506970109,fcowlandqw@gravatar.com
Yuri Basterfield,0490 Saint Paul Avenue,2178805041,ybasterfieldqx@quantcast.com
Laurice Shann,59616 Porter Junction,5554958472,lshannqy@europa.eu
Dionne Blesing,541 Michigan Alley,1346620231,dblesingqz@comcast.net
Travis Lavington,0317 Oriole Road,9169632515,tlavingtonr0@nba.com
Skippy Corness,63047 Artisan Street,8543018024,scornessr1@dot.gov
Rhys Gregr,117 Forest Dale Parkway,9743233815,rgregrr2@tuttocitta.it
Florrie Yearnes,70 Fulton Terrace,7507165663,fyearnesr3@wikispaces.com
Georgetta Calloway,54535 Magdeline Pass,2615315322,gcallowayr4@state.gov
Hurlee Franca,8 Bluestem Crossing,3016634748,hfrancar5@oaic.gov.au
Vanya Claris,524 Talmadge Way,1658965428,vclarisr6@miibeian.gov.cn
Jilleen Clurow,05854 New Castle Avenue,4498608006,jclurowr7@rambler.ru
Purcell Vedyashkin,02 Loomis Plaza,5051452140,pvedyashkinr8@etsy.com
Beatriz Colyer,14636 Dexter Road,5781279262,bcolyerr9@alexa.com
Dugald Craigs,65827 Oak Parkway,3081234828,dcraigsra@flavors.me
Orelee Summerlad,42953 Moland Circle,3175807878,osummerladrb@exblog.jp
Anselma Flaverty,28 Northland Trail,4968988685,aflavertyrc@slashdot.org
Gabriel Shillum,11 Scott Plaza,8395142373,gshillumrd@spiegel.de
Enoch Damant,54 Larry Circle,2106881544,edamantre@twitpic.com
Colleen Hubbucke,2 Sachs Plaza,4917231742,chubbuckerf@wsj.com
Tracie Weich,744 Magdeline Avenue,8452598660,tweichrg@dyndns.org
Christy Blowick,71225 Fallview Avenue,1316658784,cblowickrh@so-net.ne.jp
Dotti Welfair,03 Jana Road,1968213257,dwelfairri@msn.com
Debora Bordessa,94214 Wayridge Court,8363859473,dbordessarj@cafepress.com
Liva Gateman,557 Bayside Plaza,4696708449,lgatemanrk@sourceforge.net
Barrie Moquin,5702 Fairview Terrace,3876908653,bmoquinrl@nyu.edu
Fleur Hobson,4764 Bunting Alley,1557101433,fhobsonrm@howstuffworks.com
Any Disbrey,31 Norway Maple Center,3051502891,adisbreyrn@i2i.jp
Odilia Francisco,5829 Pankratz Parkway,1228278082,ofranciscoro@howstuffworks.com
Gerard Shalloe,48 Gerald Plaza,2071521103,gshalloerp@arizona.edu
Jerry Zielinski,2 Hanover Circle,7982752247,jzielinskirq@gizmodo.com
Aldwin Meeus,56 Clove Hill,8566312473,ameeusrr@ucoz.com
Alonso Maya,1ro de Septiembre,58947045,alonsorubmaya@gmail.com
